Player,From,To,Pos,Ht,Wt,Birth Date,Colleges
Precious Achiuwa,2021,2024,F,6-8,225.0,"September 19, 1999",Memphis
Bam Adebayo,2018,2024,C-F,6-9,255.0,"July 18, 1997",Kentucky
Ochai Agbaji,2023,2024,G,6-5,215.0,"April 20, 2000",Kansas
Santi Aldama,2022,2024,F,6-11,224.0,"January 10, 2001",Loyola (MD)
Nickeil Alexander-Walker,2020,2024,G,6-5,205.0,"September 2, 1998",Virginia Tech
Grayson Allen,2019,2024,G,6-4,198.0,"October 8, 1995",Duke
Jarrett Allen,2018,2024,C-F,6-11,243.0,"April 21, 1998",Texas
Jose Alvarado,2022,2024,G,6-0,179.0,"April 12, 1998",Georgia Tech
Kyle Anderson,2015,2024,F-G,6-9,230.0,"September 20, 1993",UCLA
Giannis Antetokounmpo,2014,2024,F-G,6-11,242.0,"December 6, 1994",
Thanasis Antetokounmpo,2016,2024,F,6-7,219.0,"July 18, 1992",
Cole Anthony,2021,2024,G,6-2,185.0,"May 15, 2000",UNC
OG Anunoby,2018,2024,F,6-7,232.0,"July 17, 1997",Indiana
Ryan Arcidiacono,2018,2024,G,6-3,195.0,"March 26, 1994",Villanova
Deni Avdija,2021,2024,G-F,6-9,210.0,"January 3, 2001",
Deandre Ayton,2019,2024,C,7-0,250.0,"July 23, 1998",Arizona
Udoka Azubuike,2021,2024,C,6-10,280.0,"September 17, 1999",Kansas
Ibou Badji,2024,2024,C,7-1,240.0,"October 13, 2002",
Marvin Bagley III,2019,2024,F-C,6-10,235.0,"March 14, 1999",Duke
Amari Bailey,2024,2024,G,6-5,185.0,"February 17, 2004",UCLA
Patrick Baldwin Jr.,2023,2024,G-F,6-9,220.0,"November 18, 2002",UW-Milwaukee
LaMelo Ball,2021,2024,G,6-7,180.0,"August 22, 2001",
Mo Bamba,2019,2024,C,7-0,231.0,"May 12, 1998",Texas
Paolo Banchero,2023,2024,F,6-10,250.0,"November 12, 2002",Duke
Desmond Bane,2021,2024,G,6-5,215.0,"June 25, 1998",TCU
Dalano Banton,2022,2024,G-F,6-9,204.0,"November 7, 1999",Nebraska
Dominick Barlow,2023,2024,F,6-9,221.0,"May 26, 2003",
Harrison Barnes,2013,2024,F,6-8,225.0,"May 30, 1992",UNC
Scottie Barnes,2022,2024,G-F,6-7,227.0,"August 1, 2001",Florida State
RJ Barrett,2020,2024,G-F,6-6,214.0,"June 14, 2000",Duke
Charles Bassey,2022,2024,C,6-10,235.0,"October 28, 2000",Western Kentucky
Emoni Bates,2024,2024,G,6-10,170.0,"January 28, 2004","Memphis, Eastern Michigan"
Keita Bates-Diop,2019,2024,F,6-8,229.0,"January 23, 1996",Ohio State
Nicolas Batum,2009,2024,F-G,6-8,230.0,"December 14, 1988",
Darius Bazley,2020,2024,F,6-8,208.0,"June 12, 2000",
Bradley Beal,2013,2024,G,6-4,207.0,"June 28, 1993",Florida
Malik Beasley,2017,2024,G,6-4,187.0,"November 26, 1996",Florida State
MarJon Beauchamp,2023,2024,G,6-6,199.0,"October 12, 2000",Yakima Valley Community College
Jules Bernard,2024,2024,F,6-7,210.0,"January 21, 2000",UCLA
Dāvis Bertāns,2017,2024,F,6-10,225.0,"November 12, 1992",
Patrick Beverley,2013,2024,G,6-2,180.0,"July 12, 1988",Arkansas
Saddiq Bey,2021,2024,F,6-7,215.0,"April 9, 1999",Villanova
Goga Bitadze,2020,2024,C,6-11,250.0,"July 20, 1999",
Onuralp Bitim,2024,2024,F,6-6,215.0,"March 31, 1999",
Bismack Biyombo,2012,2024,C-F,6-8,255.0,"August 28, 1992",
Anthony Black,2024,2024,G,6-7,198.0,"January 20, 2004",Arkansas
Leaky Black,2024,2024,F,6-9,205.0,"June 14, 1999",UNC
Buddy Boeheim,2023,2024,G,6-6,205.0,"November 11, 1999",Syracuse
Bogdan Bogdanović,2018,2024,G,6-5,220.0,"August 18, 1992",
Bojan Bogdanović,2015,2024,G-F,6-7,226.0,"April 18, 1989",
Bol Bol,2020,2024,F-C,7-3,220.0,"November 16, 1999",Oregon
Marques Bolden,2020,2024,C,6-10,249.0,"April 17, 1998",Duke
Devin Booker,2016,2024,G,6-6,206.0,"October 30, 1996",Kentucky
Brandon Boston Jr.,2022,2024,G-F,6-7,185.0,"November 28, 2001",Kentucky
Chris Boucher,2018,2024,F,6-9,200.0,"January 11, 1993",Oregon
James Bouknight,2022,2024,G,6-5,190.0,"September 18, 2000",UConn
Jamaree Bouyea,2023,2024,G,6-2,180.0,"June 27, 1999",San Francisco
Malaki Branham,2023,2024,G,6-4,180.0,"May 12, 2003",Ohio State
Christian Braun,2023,2024,G,6-6,218.0,"April 17, 2001",Kansas
Mikal Bridges,2019,2024,F-G,6-6,209.0,"August 30, 1996",Villanova
Miles Bridges,2019,2024,G-F,6-7,225.0,"March 21, 1998",Michigan State
Oshae Brissett,2020,2024,F,6-7,210.0,"June 20, 1998",Syracuse
Izaiah Brockington,2024,2024,G,6-4,200.0,"July 12, 1999","St. Bonaventure, Penn State, Iowa State"
Malcolm Brogdon,2017,2024,G,6-4,229.0,"December 11, 1992",Virginia
Armoni Brooks,2021,2024,G,6-3,195.0,"June 5, 1998",Houston
Dillon Brooks,2018,2024,F-G,6-6,225.0,"January 22, 1996",Oregon
Bruce Brown,2019,2024,G-F,6-4,202.0,"August 15, 1996",Miami (FL)
Charlie Brown Jr.,2020,2024,G,6-6,199.0,"February 2, 1997",Saint Joseph's
Greg Brown III,2022,2024,F,6-7,205.0,"September 1, 2001",Texas
Jaylen Brown,2017,2024,F-G,6-6,223.0,"October 24, 1996",California
Kendall Brown,2023,2024,G-F,6-8,205.0,"May 11, 2003",Baylor
Kobe Brown,2024,2024,G-F,6-7,250.0,"January 1, 2000",Missouri
Moses Brown,2020,2024,C,7-2,245.0,"October 13, 1999",UCLA
Troy Brown Jr.,2019,2024,G-F,6-6,215.0,"July 28, 1999",Oregon
Jalen Brunson,2019,2024,G,6-2,190.0,"August 31, 1996",Villanova
Thomas Bryant,2018,2024,C,6-10,248.0,"July 31, 1997",Indiana
Kobe Bufkin,2024,2024,G,6-4,195.0,"September 21, 2003",Michigan
Reggie Bullock,2014,2024,G-F,6-6,205.0,"March 16, 1991",UNC
Alec Burks,2012,2024,G,6-6,214.0,"July 20, 1991",Colorado
Jared Butler,2022,2024,G,6-3,195.0,"August 25, 2000",Baylor
Jimmy Butler,2012,2024,F-G,6-7,230.0,"September 14, 1989",Marquette
Jamal Cain,2023,2024,F,6-7,191.0,"March 20, 1999","Marquette, Oakland"
Kentavious Caldwell-Pope,2014,2024,G,6-5,204.0,"February 18, 1993",Georgia
Toumani Camara,2024,2024,F,6-8,220.0,"May 8, 2000",Dayton
Clint Capela,2015,2024,C,6-10,240.0,"May 18, 1994",
Jevon Carter,2019,2024,G,6-1,200.0,"September 14, 1995",West Virginia
Wendell Carter Jr.,2019,2024,C,6-10,270.0,"April 16, 1999",Duke
D.J. Carton,2024,2024,G,6-2,200.0,"August 5, 2000","Ohio State, Marquette"
Alex Caruso,2018,2024,G,6-5,186.0,"February 28, 1994",Texas A&M
Colin Castleton,2024,2024,F,6-11,250.0,"May 25, 2000","Michigan, Florida"
Malcolm Cazalon,2024,2024,G,6-6,212.0,"August 27, 2001",
Julian Champagnie,2023,2024,F,6-8,220.0,"June 29, 2001",St. John's
Justin Champagnie,2022,2024,F,6-6,200.0,"June 29, 2001",Pitt
Max Christie,2023,2024,G,6-6,190.0,"February 10, 2003",Michigan State
Sidy Cissoko,2024,2024,G,6-8,200.0,"April 2, 2004",
Brandon Clarke,2020,2024,F,6-8,215.0,"September 19, 1996","San Jose State, Gonzaga"
Jordan Clarkson,2015,2024,G,6-3,194.0,"June 7, 1992","Tulsa, Missouri"
Nic Claxton,2020,2024,C,6-11,215.0,"April 17, 1999",Georgia
Noah Clowney,2024,2024,F,6-10,210.0,"July 14, 2004",Alabama
Amir Coffey,2020,2024,G,6-7,210.0,"June 17, 1997",Minnesota
John Collins,2018,2024,F,6-9,235.0,"September 23, 1997",Wake Forest
Zach Collins,2018,2024,C-F,6-11,250.0,"November 19, 1997",Gonzaga
Mike Conley,2008,2024,G,6-0,175.0,"October 11, 1987",Ohio State
Pat Connaughton,2016,2024,G,6-5,209.0,"January 6, 1993",Notre Dame
Bilal Coulibaly,2024,2024,F,6-6,195.0,"July 26, 2004",
Ricky Council IV,2024,2024,G,6-6,205.0,"August 3, 2001","Wichita State, Arkansas"
Robert Covington,2014,2024,F-C,6-7,209.0,"December 14, 1990",Tennessee State
Torrey Craig,2018,2024,G-F,6-7,221.0,"December 19, 1990",USC Upstate
Jae Crowder,2013,2024,F,6-6,235.0,"July 6, 1990",Marquette
Jalen Crutcher,2024,2024,G,6-2,175.0,"July 18, 1999",Dayton
Cade Cunningham,2022,2024,G,6-6,220.0,"September 25, 2001",Oklahoma State
Seth Curry,2014,2024,G,6-1,185.0,"August 23, 1990","Liberty, Duke"
Stephen Curry,2010,2024,G,6-2,185.0,"March 14, 1988",Davidson
Dyson Daniels,2023,2024,G,6-8,199.0,"March 17, 2003",
Anthony Davis,2013,2024,F-C,6-10,253.0,"March 11, 1993",Kentucky
Johnny Davis,2023,2024,G,6-5,196.0,"February 27, 2002",Wisconsin
JD Davison,2023,2024,G,6-1,195.0,"October 3, 2002",Alabama
DeMar DeRozan,2010,2024,G-F,6-6,220.0,"August 7, 1989",USC
Dexter Dennis,2024,2024,G,6-5,210.0,"February 9, 1999","Wichita State, Texas A&M"
Donte DiVincenzo,2019,2024,G,6-4,203.0,"January 31, 1997",Villanova
Moussa Diabaté,2023,2024,F,6-11,210.0,"January 21, 2002",Michigan
Mamadi Diakite,2021,2024,F,6-9,228.0,"January 21, 1997",Virginia
Hamidou Diallo,2019,2024,G,6-5,202.0,"July 31, 1998",Kentucky
Gradey Dick,2024,2024,G,6-6,205.0,"November 20, 2003",Kansas
Ousmane Dieng,2023,2024,F,6-10,216.0,"May 21, 2003",
Spencer Dinwiddie,2015,2024,G,6-5,215.0,"April 6, 1993",Colorado
Luka Dončić,2019,2024,G-F,6-7,230.0,"February 28, 1999",
Luguentz Dort,2020,2024,G,6-3,215.0,"April 19, 1999",Arizona State
Ayo Dosunmu,2022,2024,G,6-5,200.0,"January 17, 2000",Illinois
Jeff Dowtin,2022,2024,G,6-3,185.0,"May 10, 1997",Rhode Island
Henri Drell,2024,2024,G,6-9,187.0,"April 25, 2000",
Andre Drummond,2013,2024,C,6-11,279.0,"August 10, 1993",UConn
Chris Duarte,2022,2024,G,6-6,190.0,"June 13, 1997",Oregon
Kris Dunn,2017,2024,G,6-3,205.0,"March 18, 1994",Providence
Kevin Durant,2008,2024,F-G,6-11,240.0,"September 29, 1988",Texas
Jalen Duren,2023,2024,C,6-10,250.0,"November 18, 2003",Memphis
Tari Eason,2023,2024,F,6-8,216.0,"May 10, 2001","Cincinnati, LSU"
Anthony Edwards,2021,2024,G-F,6-4,225.0,"August 5, 2001",Georgia
Kessler Edwards,2022,2024,F,6-8,215.0,"August 9, 2000",Pepperdine
Keon Ellis,2023,2024,G,6-6,175.0,"January 8, 2000","Florida SouthWestern State College, Alabama"
Joel Embiid,2017,2024,C,7-0,280.0,"March 16, 1994",Kansas
Drew Eubanks,2019,2024,F,6-9,245.0,"February 1, 1997",Oregon State
Tosan Evbuomwan,2024,2024,F,6-8,219.0,"February 16, 2001",Princeton
Dante Exum,2015,2024,G,6-5,214.0,"July 13, 1995",
Bruno Fernando,2020,2024,F,6-9,240.0,"August 15, 1998",Maryland
Dorian Finney-Smith,2017,2024,F,6-7,220.0,"May 4, 1993",Florida
Adam Flagler,2024,2024,G,6-3,185.0,"December 1, 1999","Presbyterian College, Baylor"
Malachi Flynn,2021,2024,G,6-1,175.0,"May 10, 1998","Washington State, San Diego State"
Simone Fontecchio,2023,2024,F,6-8,209.0,"December 9, 1995",
Jordan Ford,2024,2024,G,6-1,175.0,"May 26, 1998",Saint Mary's
Trent Forrest,2021,2024,G,6-4,210.0,"June 12, 1998",Florida State
Evan Fournier,2013,2024,G-F,6-6,205.0,"October 29, 1992",
De'Aaron Fox,2018,2024,G,6-3,185.0,"December 20, 1997",Kentucky
Javon Freeman-Liberty,2024,2024,G,6-4,180.0,"October 20, 1999","Valparaiso, DePaul"
Alex Fudge,2024,2024,F,6-8,200.0,"May 6, 2003","LSU, Florida"
Markelle Fultz,2018,2024,G,6-4,209.0,"May 29, 1998",Washington
Andrew Funk,2024,2024,G,6-5,200.0,"September 21, 1999","Bucknell, Penn State"
Wenyen Gabriel,2020,2024,F,6-9,205.0,"March 26, 1997",Kentucky
Daniel Gafford,2020,2024,C-F,6-10,234.0,"October 1, 1998",Arkansas
Danilo Gallinari,2009,2024,F,6-10,233.0,"August 8, 1988",
Darius Garland,2020,2024,G,6-1,192.0,"January 26, 2000",Vanderbilt
Usman Garuba,2022,2024,F,6-8,220.0,"March 9, 2002",
Luka Garza,2022,2024,F-C,6-10,235.0,"December 27, 1998",Iowa
Kaiser Gates,2024,2024,F,6-8,217.0,"November 8, 1996",Xavier
Keyonte George,2024,2024,G,6-4,185.0,"November 8, 2003",Baylor
Paul George,2011,2024,F-G,6-8,220.0,"May 2, 1990",Fresno State
Taj Gibson,2010,2024,F-C,6-9,232.0,"June 24, 1985",USC
Josh Giddey,2022,2024,G,6-8,210.0,"October 10, 2002",
Harry Giles,2019,2024,F-C,6-11,240.0,"April 22, 1998",Duke
Shai Gilgeous-Alexander,2019,2024,G,6-6,180.0,"July 12, 1998",Kentucky
Anthony Gill,2021,2024,F,6-7,230.0,"October 17, 1992","South Carolina, Virginia"
Collin Gillespie,2024,2024,G,6-1,195.0,"June 25, 1999",Villanova
Jacob Gilyard,2023,2024,G,5-9,160.0,"July 14, 1998",Richmond
Rudy Gobert,2014,2024,C,7-1,258.0,"June 26, 1992",
Jordan Goodwin,2022,2024,G,6-3,200.0,"October 23, 1998",Saint Louis
Aaron Gordon,2015,2024,F,6-8,235.0,"September 16, 1995",Arizona
Eric Gordon,2009,2024,G-F,6-3,215.0,"December 25, 1988",Indiana
Devonte' Graham,2019,2024,G,6-1,195.0,"February 22, 1995",Kansas
Jerami Grant,2015,2024,F,6-7,210.0,"March 12, 1994",Syracuse
A.J. Green,2023,2024,G,6-4,200.0,"September 27, 1999",University of Northern Iowa
Danny Green,2010,2024,G-F,6-6,215.0,"June 22, 1987",UNC
Draymond Green,2013,2024,F,6-6,230.0,"March 4, 1990",Michigan State
Jalen Green,2022,2024,G,6-4,178.0,"February 9, 2002",
Javonte Green,2020,2024,F,6-4,205.0,"July 23, 1993",Radford
Jeff Green,2008,2024,F,6-8,235.0,"August 28, 1986",Georgetown
Josh Green,2021,2024,G-F,6-5,200.0,"November 16, 2000",Arizona
AJ Griffin,2023,2024,F,6-6,222.0,"August 25, 2003",Duke
Quentin Grimes,2022,2024,G,6-5,205.0,"May 8, 2000","Kansas, Houston"
Mouhamadou Gueye,2024,2024,F,6-9,210.0,"July 6, 1998","Monroe Community College, Stony Brook University, Pitt"
Mouhamed Gueye,2024,2024,F,6-11,210.0,"November 9, 2002",Washington State
Rui Hachimura,2020,2024,F,6-8,230.0,"February 8, 1998",Gonzaga
Ashton Hagans,2021,2024,G,6-3,190.0,"July 8, 1999",Kentucky
Tyrese Haliburton,2021,2024,G,6-5,185.0,"February 29, 2000",Iowa State
R.J. Hampton,2021,2024,G,6-4,175.0,"February 7, 2001",
Tim Hardaway Jr.,2014,2024,G,6-5,205.0,"March 16, 1992",Michigan
James Harden,2010,2024,G,6-5,220.0,"August 26, 1989",Arizona State
Jaden Hardy,2023,2024,G,6-4,198.0,"July 5, 2002",
Ron Harper Jr.,2023,2024,G-F,6-6,245.0,"April 12, 2000",Rutgers University
Gary Harris,2015,2024,G,6-4,210.0,"September 14, 1994",Michigan State
Joe Harris,2015,2024,G,6-6,220.0,"September 6, 1991",Virginia
Kevon Harris,2023,2024,G,6-5,216.0,"June 24, 1997",Stephen F. Austin
Tobias Harris,2012,2024,F,6-8,226.0,"July 15, 1992",Tennessee
Shaquille Harrison,2018,2024,G,6-4,190.0,"October 6, 1993",Tulsa
Josh Hart,2018,2024,G,6-4,215.0,"March 6, 1995",Villanova
Isaiah Hartenstein,2019,2024,F,7-0,250.0,"May 5, 1998",
Sam Hauser,2022,2024,F,6-8,215.0,"December 8, 1997","Marquette, Virginia"
Jordan Hawkins,2024,2024,G,6-5,195.0,"April 29, 2002",UConn
Jaxson Hayes,2020,2024,F,7-0,220.0,"May 23, 2000",Texas
Killian Hayes,2021,2024,G,6-5,195.0,"July 27, 2001",
Gordon Hayward,2011,2024,F-G,6-7,225.0,"March 23, 1990",Butler
Scoot Henderson,2024,2024,G,6-3,202.0,"February 3, 2004",
Taylor Hendricks,2024,2024,G,6-9,210.0,"November 22, 2003",Central Florida
Tyler Herro,2020,2024,G,6-5,195.0,"January 20, 2000",Kentucky
Buddy Hield,2017,2024,G-F,6-4,220.0,"December 17, 1992",Oklahoma
Haywood Highsmith,2019,2024,F,6-7,220.0,"December 9, 1996",Wheeling University
Nate Hinton,2021,2024,G,6-5,210.0,"June 8, 1999",Houston
D'Moi Hodge,2024,2024,G,6-4,188.0,"December 20, 1998","State College of Florida, Manatee-Sarasota, Cleveland State University, Missouri"
Aaron Holiday,2019,2024,G,6-0,185.0,"September 30, 1996",UCLA
Jrue Holiday,2010,2024,G,6-4,205.0,"June 12, 1990",UCLA
Justin Holiday,2013,2024,F,6-6,180.0,"April 5, 1989",Washington
Richaun Holmes,2016,2024,C-F,6-10,235.0,"October 15, 1993",Bowling Green
Chet Holmgren,2024,2024,F-C,7-1,195.0,"May 1, 2002",Gonzaga
Jalen Hood-Schifino,2024,2024,G,6-6,215.0,"June 19, 2003",Indiana
Al Horford,2008,2024,C-F,6-9,240.0,"June 3, 1986",Florida
Talen Horton-Tucker,2020,2024,G-F,6-4,234.0,"November 25, 2000",Iowa State
Danuel House Jr.,2017,2024,G,6-6,220.0,"June 7, 1993",Texas A&M
Caleb Houstan,2023,2024,G-F,6-8,205.0,"January 9, 2003",Michigan
Jett Howard,2024,2024,G,6-8,215.0,"September 14, 2003",Michigan
Kevin Huerter,2019,2024,G,6-7,190.0,"August 27, 1998",Maryland
Jay Huff,2022,2024,F-C,7-1,240.0,"August 25, 1998",Virginia
De'Andre Hunter,2020,2024,F,6-8,225.0,"December 2, 1997",Virginia
Matthew Hurt,2024,2024,F,6-9,235.0,"April 20, 2000",Duke
Bones Hyland,2022,2024,G,6-2,173.0,"September 14, 2000",VCU
Joe Ingles,2015,2024,F-G,6-9,220.0,"October 2, 1987",
Brandon Ingram,2017,2024,F,6-8,190.0,"September 2, 1997",Duke
Kyrie Irving,2012,2024,G,6-2,195.0,"March 23, 1992",Duke
Jonathan Isaac,2018,2024,F,6-10,230.0,"October 3, 1997",Florida State
Jaden Ivey,2023,2024,G,6-4,195.0,"February 13, 2002",Purdue
Andre Jackson Jr.,2024,2024,G,6-6,210.0,"November 13, 2001",UConn
GG Jackson II,2024,2024,F,6-9,215.0,"December 17, 2004",South Carolina
Isaiah Jackson,2022,2024,C-F,6-10,206.0,"January 10, 2002",Kentucky
Jaren Jackson Jr.,2019,2024,F,6-10,242.0,"September 15, 1999",Michigan State
Justin Jackson,2018,2024,G-F,6-8,220.0,"March 28, 1995",UNC
Quenton Jackson,2023,2024,G,6-5,175.0,"September 15, 1998",Texas A&M
Reggie Jackson,2012,2024,G,6-2,208.0,"April 16, 1990",Boston College
Trayce Jackson-Davis,2024,2024,F,6-9,245.0,"February 22, 2000",Indiana
LeBron James,2004,2024,F-G,6-9,250.0,"December 30, 1984",
Jaime Jaquez Jr.,2024,2024,G-F,6-6,225.0,"February 18, 2001",UCLA
DeJon Jarreau,2022,2024,G,6-5,185.0,"January 23, 1998","UMass, Houston"
DaQuan Jeffries,2020,2024,G-F,6-5,230.0,"August 30, 1997","Oral Roberts, Tulsa"
Trey Jemison,2024,2024,C,6-11,260.0,"November 28, 1999","Clemson, UAB"
Ty Jerome,2020,2024,G,6-5,195.0,"July 8, 1997",Virginia
Isaiah Joe,2021,2024,G,6-4,165.0,"July 2, 1999",Arkansas
Cameron Johnson,2020,2024,F,6-8,210.0,"March 3, 1996","Pitt, UNC"
Jalen Johnson,2022,2024,F,6-9,220.0,"December 18, 2001",Duke
James Johnson,2010,2024,F,6-7,240.0,"February 20, 1987",Wake Forest
Keldon Johnson,2020,2024,G,6-5,220.0,"October 11, 1999",Kentucky
Keon Johnson,2022,2024,G,6-5,186.0,"March 10, 2002",Tennessee
Keyontae Johnson,2024,2024,F,6-5,230.0,"May 24, 2000","Florida, Kansas State"
Nikola Jokić,2016,2024,C-F,6-11,284.0,"February 19, 1995",
Colby Jones,2024,2024,G,6-6,205.0,"May 28, 2002",Xavier
Damian Jones,2017,2024,F-C,6-11,245.0,"June 30, 1995",Vanderbilt
Derrick Jones Jr.,2017,2024,F,6-5,210.0,"February 15, 1997",UNLV
Herbert Jones,2022,2024,F,6-8,210.0,"October 6, 1998",Alabama
Mason Jones,2021,2024,G,6-4,200.0,"July 21, 1998","Connors State College, Arkansas"
Tre Jones,2021,2024,G,6-1,185.0,"January 8, 2000",Duke
Tyus Jones,2016,2024,G,6-1,196.0,"May 10, 1996",Duke
DeAndre Jordan,2009,2024,C,6-11,265.0,"July 21, 1988",Texas A&M
Cory Joseph,2012,2024,G,6-2,200.0,"August 20, 1991",Texas
Nikola Jović,2023,2024,G-F,6-10,209.0,"June 9, 2003",
Johnny Juzang,2023,2024,G,6-7,215.0,"March 17, 2001","Kentucky, UCLA"
Luke Kennard,2018,2024,G,6-5,206.0,"June 24, 1996",Duke
Walker Kessler,2023,2024,C,7-0,245.0,"July 26, 2001","UNC, Auburn"
Braxton Key,2022,2024,F,6-8,230.0,"February 14, 1997","Alabama, Virginia"
Corey Kispert,2022,2024,G-F,6-7,220.0,"March 3, 1999",Gonzaga
Maxi Kleber,2018,2024,F,6-10,240.0,"January 29, 1992",
Kevin Knox,2019,2024,F,6-7,215.0,"August 11, 1999",Kentucky
John Konchar,2020,2024,G,6-5,210.0,"March 22, 1996",Purdue-Fort Wayne
Furkan Korkmaz,2018,2024,G,6-7,202.0,"July 24, 1997",
Luke Kornet,2018,2024,C-F,7-2,250.0,"July 15, 1995",Vanderbilt
Vit Krejci,2022,2024,G,6-8,195.0,"June 19, 2000",
Jonathan Kuminga,2022,2024,F,6-8,210.0,"October 6, 2002",
Kyle Kuzma,2018,2024,F,6-9,221.0,"July 24, 1995",Utah
Jake LaRavia,2023,2024,F,6-8,235.0,"November 3, 2001","Indiana State University, Wake Forest"
Zach LaVine,2015,2024,G-F,6-5,200.0,"March 10, 1995",UCLA
Jock Landale,2022,2024,C,6-11,256.0,"October 25, 1995",Saint Mary's
A.J. Lawson,2023,2024,G,6-6,179.0,"July 15, 2000",South Carolina
Caris LeVert,2017,2024,G-F,6-6,205.0,"August 25, 1994",Michigan
Saben Lee,2021,2024,G,6-2,183.0,"June 23, 1999",Vanderbilt
Alex Len,2014,2024,C,7-0,250.0,"June 16, 1993",Maryland
Kawhi Leonard,2012,2024,F,6-7,225.0,"June 29, 1991",San Diego State
Kira Lewis Jr.,2021,2024,G,6-1,170.0,"April 6, 2001",Alabama
Maxwell Lewis,2024,2024,F,6-7,195.0,"July 27, 2002",Pepperdine
E.J. Liddell,2024,2024,F,6-7,240.0,"December 18, 2000",Ohio State
Damian Lillard,2013,2024,G,6-2,195.0,"July 15, 1990",Weber State
Nassir Little,2020,2024,F,6-5,220.0,"February 11, 2000",UNC
Dereck Lively II,2024,2024,C,7-1,230.0,"February 12, 2004",Duke
Isaiah Livers,2022,2024,F,6-7,230.0,"July 28, 1998",Michigan
Chris Livingston,2024,2024,F,6-6,220.0,"October 15, 2003",Kentucky
Kenneth Lofton Jr.,2023,2024,F,6-7,275.0,"August 14, 2002",Louisiana Tech
Kevon Looney,2016,2024,F-C,6-9,222.0,"February 6, 1996",UCLA
Brook Lopez,2009,2024,C,7-1,282.0,"April 1, 1988",Stanford
Robin Lopez,2009,2024,C,7-1,281.0,"April 1, 1988",Stanford
Kevin Love,2009,2024,F-C,6-8,251.0,"September 7, 1988",UCLA
Kyle Lowry,2007,2024,G,6-0,196.0,"March 25, 1986",Villanova
Seth Lundy,2024,2024,G-F,6-6,220.0,"April 2, 2000",Penn State
Trey Lyles,2016,2024,F,6-9,234.0,"November 5, 1995",Kentucky
Théo Maledon,2021,2024,G,6-4,175.0,"June 12, 2001",
Sandro Mamukelashvili,2022,2024,C-F,6-11,240.0,"May 23, 1999",Seton Hall
Terance Mann,2020,2024,G-F,6-5,215.0,"October 18, 1996",Florida State
Tre Mann,2022,2024,G,6-3,178.0,"February 3, 2001",Florida
Boban Marjanović,2016,2024,C,7-4,290.0,"August 15, 1988",
Lauri Markkanen,2018,2024,F-C,7-0,240.0,"May 22, 1997",Arizona
Naji Marshall,2021,2024,F,6-7,220.0,"January 24, 1998",Xavier
Caleb Martin,2020,2024,F,6-5,205.0,"September 28, 1995","NC State, Nevada"
Cody Martin,2020,2024,G-F,6-5,205.0,"September 28, 1995","NC State, Nevada"
KJ Martin,2021,2024,F,6-6,215.0,"January 6, 2001",
Garrison Mathews,2020,2024,G,6-5,215.0,"October 24, 1996",Lipscomb
Bennedict Mathurin,2023,2024,G-F,6-6,210.0,"June 19, 2002",Arizona
Wesley Matthews,2010,2024,G,6-5,220.0,"October 14, 1986",Marquette
Tyrese Maxey,2021,2024,G,6-2,200.0,"November 4, 2000",Kentucky
Skylar Mays,2021,2024,G,6-4,205.0,"September 5, 1997",LSU
Miles McBride,2022,2024,G,6-2,200.0,"September 8, 2000",West Virginia
CJ McCollum,2014,2024,G,6-3,190.0,"September 19, 1991",Lehigh
T.J. McConnell,2016,2024,G,6-1,190.0,"March 25, 1992","Duquesne, Arizona"
Jaden McDaniels,2021,2024,F,6-9,185.0,"September 29, 2000",Washington
Jalen McDaniels,2020,2024,F,6-9,205.0,"January 31, 1998",San Diego State
Doug McDermott,2015,2024,F,6-6,225.0,"January 3, 1992",Creighton
JaVale McGee,2009,2024,C,7-0,270.0,"January 19, 1988",Nevada
Bryce McGowens,2023,2024,G-F,6-7,179.0,"November 8, 2002",Nebraska
Jordan McLaughlin,2020,2024,G,6-0,185.0,"April 9, 1996",USC
De'Anthony Melton,2019,2024,G,6-2,200.0,"May 28, 1998",USC
Nathan Mensah,2024,2024,F,6-8,230.0,"April 9, 1998",San Diego State
Sam Merrill,2021,2024,G,6-4,205.0,"May 15, 1996",Utah State University
Chimezie Metu,2019,2024,F-C,6-9,225.0,"March 22, 1997",USC
Vasilije Micić,2024,2024,G,6-5,200.0,"January 13, 1994",
Khris Middleton,2013,2024,F-G,6-7,222.0,"August 12, 1991",Texas A&M
Brandon Miller,2024,2024,F-G,6-9,201.0,"November 22, 2002",Alabama
Jordan Miller,2024,2024,G,6-7,195.0,"January 23, 2000","George Mason, Miami (FL)"
Leonard Miller,2024,2024,F,6-10,210.0,"November 26, 2003",
Dariq Whitehead,2024,2024,F,6-7,220.0,"August 1, 2004",Duke
Patty Mills,2010,2024,G,6-2,180.0,"August 11, 1988",Saint Mary's
Shake Milton,2019,2024,G,6-5,205.0,"September 26, 1996",SMU
Justin Minaya,2023,2024,F,6-5,210.0,"March 26, 1999",
Josh Minott,2023,2024,F,6-8,205.0,"November 25, 2002",Memphis
Davion Mitchell,2022,2024,G,6-2,205.0,"September 5, 1998","Auburn, Baylor"
Donovan Mitchell,2018,2024,G,6-3,215.0,"September 7, 1996",Louisville
Evan Mobley,2022,2024,F-C,6-11,215.0,"June 18, 2001",USC
Isaiah Mobley,2023,2024,F,6-8,240.0,"September 24, 1999",USC
Malik Monk,2018,2024,G,6-3,200.0,"February 4, 1998",Kentucky
Moses Moody,2022,2024,G,6-6,205.0,"May 31, 2002",Arkansas
Xavier Moon,2022,2024,G,6-2,165.0,"January 2, 1995","Northwest Florida State College, Morehead State University"
Taze Moore,2024,2024,G,6-5,195.0,"June 29, 1998","Cal State-Bakersfield, Houston"
Wendell Moore Jr.,2023,2024,G-F,6-5,213.0,"September 18, 2001",Duke
Ja Morant,2020,2024,G,6-2,174.0,"August 10, 1999",Murray State
Marcus Morris,2012,2024,F,6-8,218.0,"September 2, 1989",Kansas
Markieff Morris,2012,2024,F,6-9,245.0,"September 2, 1989",Kansas
Monte Morris,2018,2024,G,6-2,183.0,"June 27, 1995",Iowa State
Trey Murphy III,2022,2024,F,6-8,206.0,"June 18, 2000","Rice University, Virginia"
Dejounte Murray,2017,2024,G,6-5,180.0,"September 19, 1996",Washington
Jamal Murray,2017,2024,G,6-4,215.0,"February 23, 1997",Kentucky
Keegan Murray,2023,2024,F,6-8,215.0,"August 19, 2000",Iowa
Kris Murray,2024,2024,F,6-8,220.0,"August 19, 2000",Iowa
Mike Muscala,2014,2024,F-C,6-10,240.0,"July 1, 1991",Bucknell
Svi Mykhailiuk,2019,2024,G-F,6-7,205.0,"June 10, 1997",Kansas
Larry Nance Jr.,2016,2024,F-C,6-8,245.0,"January 1, 1993",Wyoming
Pete Nance,2024,2024,F,6-11,230.0,"February 19, 2000","Northwestern, UNC"
Andrew Nembhard,2023,2024,G,6-5,193.0,"January 16, 2000","Florida, Gonzaga"
Aaron Nesmith,2021,2024,G-F,6-5,215.0,"October 16, 1999",Vanderbilt
Georges Niang,2017,2024,F,6-7,230.0,"June 17, 1993",Iowa State
Daishen Nix,2022,2024,G,6-5,224.0,"February 13, 2002",
Zeke Nnaji,2021,2024,F,6-9,240.0,"January 9, 2001",Arizona
Jaylen Nowell,2020,2024,G,6-4,201.0,"July 9, 1999",Washington
Markquis Nowell,2024,2024,G,5-8,160.0,"December 25, 1999","Little Rock, Kansas State"
Frank Ntilikina,2018,2024,G,6-4,200.0,"July 28, 1998",
Jusuf Nurkić,2015,2024,C,7-0,290.0,"August 23, 1994",
Jordan Nwora,2021,2024,F,6-8,225.0,"September 9, 1998",Louisville
Royce O'Neale,2018,2024,F,6-4,226.0,"June 5, 1993","Denver, Baylor"
Chuma Okeke,2021,2024,F,6-6,229.0,"August 18, 1998",Auburn
Josh Okogie,2019,2024,G,6-4,213.0,"September 1, 1998",Georgia Tech
Onyeka Okongwu,2021,2024,F,6-8,235.0,"December 11, 2000",USC
Isaac Okoro,2021,2024,G-F,6-5,225.0,"January 26, 2001",Auburn
Kelly Olynyk,2014,2024,C-F,6-11,240.0,"April 19, 1991",Gonzaga
Eugene Omoruyi,2022,2024,F,6-7,244.0,"February 14, 1997","Rutgers University, Oregon"
Cedi Osman,2018,2024,F,6-7,230.0,"April 8, 1995",
Kelly Oubre Jr.,2016,2024,F,6-7,203.0,"December 9, 1995",Kansas
Chris Paul,2006,2024,G,6-0,175.0,"May 6, 1985",Wake Forest
Cameron Payne,2016,2024,G,6-3,183.0,"August 8, 1994",Murray State
Gary Payton II,2017,2024,G,6-2,190.0,"December 1, 1992",Oregon State
Mãozinha Pereira,2024,2024,F,6-8,177.0,"August 28, 2000",
Drew Peterson,2024,2024,G,6-9,205.0,"November 9, 1999","Rice University, USC"
Filip Petrušev,2024,2024,F-C,6-11,234.0,"April 15, 2000",Gonzaga
Julian Phillips,2024,2024,F,6-8,198.0,"November 5, 2003",Tennessee
Jalen Pickett,2024,2024,G,6-4,209.0,"October 22, 1999","Siena College, Penn State"
Scotty Pippen Jr.,2023,2024,G,6-1,185.0,"November 10, 2000",Vanderbilt
Mason Plumlee,2014,2024,C-F,6-10,254.0,"March 5, 1990",Duke
Brandin Podziemski,2024,2024,G,6-5,205.0,"February 25, 2003","Illinois, Santa Clara"
Jakob Poeltl,2017,2024,C,7-0,245.0,"October 15, 1995",Utah
Aleksej Pokusevski,2021,2024,F,7-0,190.0,"December 26, 2001",
Jordan Poole,2020,2024,G,6-4,194.0,"June 19, 1999",Michigan
Craig Porter Jr.,2024,2024,G,6-2,186.0,"February 26, 2000","Vincennes University, Wichita State"
Jontay Porter,2021,2024,F-C,6-11,240.0,"November 15, 1999",Missouri
Michael Porter Jr.,2020,2024,F,6-10,218.0,"June 29, 1998",Missouri
Otto Porter Jr.,2014,2024,F,6-8,198.0,"June 3, 1993",Georgetown
Bobby Portis,2016,2024,F,6-10,250.0,"February 10, 1995",Arkansas
Kristaps Porziņģis,2016,2024,F-C,7-2,240.0,"August 2, 1995",
Micah Potter,2022,2024,C,6-10,248.0,"April 6, 1998","Ohio State, Wisconsin"
Dwight Powell,2015,2024,F-C,6-10,240.0,"July 20, 1991",Stanford
Norman Powell,2016,2024,G,6-3,215.0,"May 25, 1993",UCLA
Jason Preston,2023,2024,G,6-4,187.0,"August 10, 1999",Ohio University
Joshua Primo,2022,2024,G,6-6,190.0,"December 24, 2002",Alabama
Taurean Prince,2017,2024,F,6-6,218.0,"March 22, 1994",Baylor
Payton Pritchard,2021,2024,G,6-1,195.0,"January 28, 1998",Oregon
Olivier-Maxence Prosper,2024,2024,F,6-8,230.0,"July 3, 2002","Clemson, Marquette"
Trevelin Queen,2022,2024,G,6-6,190.0,"February 25, 1997","College of Marin, New Mexico Military Institute, New Mexico State"
Neemias Queta,2022,2024,C,7-0,245.0,"July 13, 1999",Utah State University
Immanuel Quickley,2021,2024,G,6-3,190.0,"June 17, 1999",Kentucky
Lester Quinones,2023,2024,G,6-5,208.0,"November 16, 2000",Memphis
Jahmi'us Ramsey,2021,2024,G,6-3,190.0,"June 9, 2001",Texas Tech
Julius Randle,2015,2024,F-C,6-8,250.0,"November 29, 1994",Kentucky
Duop Reath,2024,2024,C,6-11,245.0,"June 26, 1996","Lee College, LSU"
Austin Reaves,2022,2024,G,6-5,206.0,"May 29, 1998","Wichita State, Oklahoma"
Cam Reddish,2020,2024,F,6-8,218.0,"September 1, 1999",Duke
Paul Reed,2021,2024,F,6-9,210.0,"June 14, 1999",DePaul
Naz Reid,2020,2024,F,6-9,264.0,"August 26, 1999",LSU
Jared Rhoden,2023,2024,G,6-6,210.0,"August 27, 1999",Seton Hall
Nick Richards,2021,2024,F-C,7-0,245.0,"November 29, 1997",Kentucky
Josh Richardson,2016,2024,G,6-5,200.0,"September 15, 1993",Tennessee
Duncan Robinson,2019,2024,G-F,6-7,215.0,"April 22, 1994","Williams, Michigan"
Jerome Robinson,2019,2024,G,6-4,190.0,"February 22, 1997",Boston College
Mitchell Robinson,2019,2024,C,7-0,240.0,"April 1, 1998",Western Kentucky
Orlando Robinson,2023,2024,F,7-0,235.0,"July 10, 2000",Fresno State
Jeremiah Robinson-Earl,2022,2024,F,6-9,230.0,"November 3, 2000",Villanova
David Roddy,2023,2024,F,6-4,255.0,"March 27, 2001",Colorado State
Ryan Rollins,2023,2024,G,6-4,180.0,"July 3, 2002",Toledo
Derrick Rose,2009,2024,G,6-3,200.0,"October 4, 1988",Memphis
Terry Rozier,2016,2024,G,6-1,190.0,"March 17, 1994",Louisville
Rayan Rupert,2024,2024,G,6-6,205.0,"May 31, 2004",
D'Angelo Russell,2016,2024,G,6-3,193.0,"February 23, 1996",Ohio State
Matt Ryan,2022,2024,F,6-6,215.0,"April 17, 1997","Notre Dame, Vanderbilt, Chattanooga"
Domantas Sabonis,2017,2024,C-F,6-10,240.0,"May 3, 1996",Gonzaga
Luka Šamanić,2020,2024,F,6-10,227.0,"January 9, 2000",
Jermaine Samuels,2024,2024,F,6-7,230.0,"November 13, 1998",Villanova
Adama Sanogo,2024,2024,F,6-9,245.0,"February 12, 2002",UConn
Gui Santos,2024,2024,F,6-8,209.0,"June 22, 2002",
Dario Šarić,2017,2024,F-C,6-10,225.0,"April 8, 1994",
Olivier Sarr,2022,2024,C,7-0,237.0,"February 20, 1999","Wake Forest, Kentucky"
Marcus Sasser,2024,2024,G,6-2,195.0,"September 21, 2000",Houston
Admiral Schofield,2020,2024,G-F,6-5,241.0,"March 30, 1997",Tennessee
Dennis Schröder,2014,2024,G,6-1,172.0,"September 15, 1993",
Dereon Seabron,2023,2024,G,6-7,180.0,"May 26, 2000",NC State
Alperen Sengun,2022,2024,C-F,6-11,235.0,"July 25, 2002",
Brice Sensabaugh,2024,2024,F,6-6,235.0,"October 30, 2003",Ohio State
Collin Sexton,2019,2024,G,6-3,190.0,"January 4, 1999",Alabama
Landry Shamet,2019,2024,G,6-4,190.0,"March 13, 1997",Wichita State
Day'Ron Sharpe,2022,2024,C,6-11,265.0,"November 6, 2001",UNC
Shaedon Sharpe,2023,2024,G,6-6,200.0,"May 30, 2003",Kentucky
Ben Sheppard,2024,2024,G,6-6,190.0,"July 16, 2001",Belmont
Pascal Siakam,2017,2024,F-C,6-8,230.0,"April 2, 1994",New Mexico State
Ben Simmons,2018,2024,G-F,6-10,240.0,"July 20, 1996",LSU
Kobi Simmons,2018,2024,G,6-5,166.0,"July 4, 1997",Arizona
Anfernee Simons,2019,2024,G,6-3,181.0,"June 8, 1999",
Zavier Simpson,2022,2024,G,6-0,190.0,"February 11, 1997",Michigan
Jericho Sims,2022,2024,F,6-10,245.0,"October 20, 1998",Texas
Dmytro Skapintsev,2024,2024,C,7-1,260.0,"May 12, 1998",Cal State Northridge
Jalen Slawson,2024,2024,F,6-7,215.0,"October 22, 1999",Furman University
Javonte Smart,2022,2024,G,6-4,205.0,"June 3, 1999",LSU
Marcus Smart,2015,2024,G,6-3,220.0,"March 6, 1994",Oklahoma State
Dennis Smith Jr.,2018,2024,G,6-2,205.0,"November 25, 1997",NC State
Dru Smith,2023,2024,G,6-3,203.0,"December 30, 1997","University of Evansville, Missouri"
Ish Smith,2011,2024,G,6-0,175.0,"July 5, 1988",Wake Forest
Jabari Smith Jr.,2023,2024,F,6-11,220.0,"May 13, 2003",Auburn
Jalen Smith,2021,2024,F,6-10,215.0,"March 16, 2000",Maryland
Nick Smith Jr.,2024,2024,G,6-5,185.0,"April 18, 2004",Arkansas
Terquavion Smith,2024,2024,G,6-4,165.0,"December 31, 2002",NC State
Jeremy Sochan,2023,2024,F-G,6-8,230.0,"May 20, 2003",Baylor
Pat Spencer,2024,2024,G,6-3,205.0,"July 4, 1996","Loyola (MD), Northwestern"
Jaden Springer,2022,2024,G,6-4,204.0,"September 25, 2002",Tennessee
Lamar Stevens,2021,2024,F,6-6,230.0,"July 9, 1997",Penn State
Isaiah Stewart,2021,2024,F-C,6-8,250.0,"May 22, 2001",Washington
Julian Strawther,2024,2024,F,6-7,205.0,"April 18, 2002",Gonzaga
Max Strus,2020,2024,G,6-5,215.0,"March 28, 1996","Lewis (IL), DePaul"
Jalen Suggs,2022,2024,G,6-5,205.0,"June 3, 2001",Gonzaga
Cole Swider,2023,2024,F,6-9,220.0,"May 8, 1999","Villanova, Syracuse"
Jae'Sean Tate,2021,2024,F,6-4,230.0,"October 28, 1995",Ohio State
Jayson Tatum,2018,2024,F,6-8,210.0,"March 3, 1998",Duke
Terry Taylor,2022,2024,G-F,6-5,230.0,"September 23, 1999",Austin Peay State University
Garrett Temple,2010,2024,G,6-5,195.0,"May 8, 1986",LSU
Dalen Terry,2023,2024,G,6-7,195.0,"July 12, 2002",Arizona
Daniel Theis,2018,2024,C,6-8,245.0,"April 4, 1992",
Cam Thomas,2022,2024,G,6-4,210.0,"October 13, 2001",LSU
Isaiah Thomas,2012,2024,G,5-9,185.0,"February 7, 1989",Washington
Amen Thompson,2024,2024,G,6-7,209.0,"January 30, 2003",
Ausar Thompson,2024,2024,G,6-7,215.0,"January 30, 2003",
Klay Thompson,2012,2024,G-F,6-6,215.0,"February 8, 1990",Washington State
Tristan Thompson,2012,2024,F-C,6-9,254.0,"March 13, 1991",Texas
JT Thor,2022,2024,F,6-10,205.0,"August 26, 2002",Auburn
Matisse Thybulle,2020,2024,G,6-5,201.0,"March 4, 1997",Washington
Xavier Tillman Sr.,2021,2024,F,6-8,245.0,"January 12, 1999",Michigan State
Jacob Toppin,2024,2024,F,6-9,205.0,"May 8, 2000","Rhode Island, Kentucky"
Obi Toppin,2021,2024,F,6-9,220.0,"March 4, 1998",Dayton
Juan Toscano-Anderson,2020,2024,F,6-6,209.0,"April 10, 1993",Marquette
Karl-Anthony Towns,2016,2024,C-F,7-0,248.0,"November 15, 1995",Kentucky
Gary Trent Jr.,2019,2024,G,6-5,209.0,"January 18, 1999",Duke
Oscar Tshiebwe,2024,2024,F,6-9,260.0,"November 27, 1999","West Virginia, Kentucky"
P.J. Tucker,2007,2024,F,6-5,245.0,"May 5, 1985",Texas
Myles Turner,2016,2024,C-F,6-11,250.0,"March 24, 1996",Texas
Hunter Tyson,2024,2024,F,6-8,215.0,"June 13, 2000",Clemson
Stanley Umude,2023,2024,G,6-6,210.0,"April 12, 1999","South Dakota, Arkansas"
Jonas Valančiūnas,2013,2024,C,6-11,265.0,"May 6, 1992",
Fred VanVleet,2017,2024,G,6-0,197.0,"February 25, 1994",Wichita State
Jarred Vanderbilt,2019,2024,F,6-8,214.0,"April 3, 1999",Kentucky
Devin Vassell,2021,2024,G-F,6-5,200.0,"August 23, 2000",Florida State
Sasha Vezenkov,2024,2024,F,6-9,225.0,"August 6, 1995",
Gabe Vincent,2020,2024,G,6-3,195.0,"June 14, 1996",UC Santa Barbara
Nikola Vučević,2012,2024,C,6-10,260.0,"October 24, 1990",USC
Tristan Vukcevic,2024,2024,F-C,7-0,223.0,"March 11, 2003",
Dean Wade,2020,2024,F,6-9,228.0,"November 20, 1996",Kansas State
Franz Wagner,2022,2024,G-F,6-10,225.0,"August 27, 2001",Michigan
Moritz Wagner,2019,2024,F-C,6-11,245.0,"April 26, 1997",Michigan
Ish Wainright,2022,2024,F,6-6,250.0,"September 12, 1994",Baylor
Jabari Walker,2023,2024,F,6-9,215.0,"July 30, 2002",Colorado
Jarace Walker,2024,2024,F,6-8,240.0,"September 4, 2003",Houston
Lonnie Walker IV,2019,2024,G,6-4,204.0,"December 14, 1998",Miami (FL)
Cason Wallace,2024,2024,G,6-4,193.0,"November 7, 2003",Kentucky
Jordan Walsh,2024,2024,G-F,6-7,205.0,"March 3, 2004",Arkansas
T.J. Warren,2015,2024,F,6-8,220.0,"September 5, 1993",NC State
P.J. Washington,2020,2024,F,6-7,230.0,"August 23, 1998",Kentucky
TyTy Washington Jr.,2023,2024,G,6-3,197.0,"November 15, 2001",Kentucky
Yuta Watanabe,2019,2024,F,6-9,215.0,"October 13, 1994",George Washington
Lindy Waters III,2022,2024,G,6-6,215.0,"July 28, 1997",Oklahoma State
Trendon Watford,2022,2024,F,6-9,240.0,"November 9, 2000",LSU
Peyton Watson,2023,2024,G-F,6-8,200.0,"September 11, 2002",UCLA
Victor Wembanyama,2024,2024,C-F,7-4,209.0,"January 4, 2004",
Blake Wesley,2023,2024,G,6-5,185.0,"March 16, 2003",Notre Dame
Russell Westbrook,2009,2024,G,6-4,200.0,"November 12, 1988",UCLA
Coby White,2020,2024,G,6-5,195.0,"February 16, 2000",UNC
Derrick White,2018,2024,G,6-4,190.0,"July 2, 1994","Colorado-Colorado Springs, Colorado"
Cam Whitmore,2024,2024,F,6-7,232.0,"July 8, 2004",Villanova
Aaron Wiggins,2022,2024,G,6-6,200.0,"January 2, 1999",Maryland
Andrew Wiggins,2015,2024,F-G,6-7,197.0,"February 23, 1995",Kansas
Lindell Wigginton,2022,2024,G,6-2,189.0,"March 28, 1998",Iowa State
Alondes Williams,2023,2024,G,6-4,210.0,"June 19, 1999","Triton College, Oklahoma, Wake Forest"
Brandon Williams,2022,2024,G,6-2,190.0,"November 22, 1999",Arizona
Grant Williams,2020,2024,F,6-6,236.0,"November 30, 1998",Tennessee
Jalen Williams,2023,2024,G,6-5,195.0,"April 14, 2001",Santa Clara
Jaylin Williams,2023,2024,F,6-9,240.0,"June 29, 2002",Arkansas
Jeenathan Williams,2023,2024,G,6-5,205.0,"February 12, 1999",Buffalo
Kenrich Williams,2019,2024,G-F,6-6,210.0,"December 2, 1994",TCU
Malik Williams,2024,2024,C,6-11,250.0,"August 26, 1998",
Mark Williams,2023,2024,C,7-0,241.0,"December 16, 2001",Duke
Patrick Williams,2021,2024,F,6-7,215.0,"August 26, 2001",Florida State
Robert Williams,2019,2024,C-F,6-9,237.0,"October 17, 1997",Texas A&M
Vince Williams Jr.,2023,2024,F,6-4,205.0,"August 30, 2000",VCU
Ziaire Williams,2022,2024,F,6-9,215.0,"September 12, 2001",Stanford
Zion Williamson,2020,2024,F-C,6-6,284.0,"July 6, 2000",Duke
D.J. Wilson,2018,2024,F,6-10,231.0,"February 19, 1996",Michigan
Jalen Wilson,2024,2024,F,6-8,225.0,"November 4, 2000",Kansas
Dylan Windler,2021,2024,G-F,6-6,196.0,"September 22, 1996",Belmont
James Wiseman,2021,2024,C,7-0,240.0,"March 31, 2001",Memphis
Isaiah Wong,2024,2024,G,6-4,184.0,"January 28, 2001",Miami (FL)
Christian Wood,2016,2024,F,6-8,214.0,"September 27, 1995",UNLV
Delon Wright,2016,2024,G,6-5,185.0,"April 26, 1992",Utah
Thaddeus Young,2008,2024,F,6-8,235.0,"June 21, 1988",Georgia Tech
Trae Young,2019,2024,G,6-1,164.0,"September 19, 1998",Oklahoma
Omer Yurtseven,2022,2024,C,7-0,264.0,"June 19, 1998","NC State, Georgetown"
Cody Zeller,2014,2024,C-F,6-11,240.0,"October 5, 1992",Indiana
Ivica Zubac,2017,2024,C,7-0,240.0,"March 18, 1997",
